{
    "mae": 72.65209670646809,
    "rmse": 95.36525041561296,
    "r2": 0.5840273353337384,
    "msle": 0.9346849563563732
}