{
    "5": {
        "nmi": 0.15895577152537926,
        "ars": 0.07401148905070096,
        "f1": 0.30599603567888994
    },
    "10": {
        "nmi": 0.30638563432839816,
        "ars": 0.1033601619212484,
        "f1": 0.23452078032230705
    },
    "15": {
        "nmi": 0.39528385627084067,
        "ars": 0.12873210560649181,
        "f1": 0.22222222222222224
    },
    "20": {
        "nmi": 0.44706298826339064,
        "ars": 0.1196755807316718,
        "f1": 0.18819776714513559
    }
}